"Present_Tmax","Present_Tmin","RHmin","RHmax","Tmax_lapse","Tmin_lapse","WS","LH","CC1","CC2","CC3","CC4","lat","lon","DEM","Slope","Solar.radiation","Next_Tmoy"
-0.400193941,-0.808911392,-0.224207038,0.213204896,-0.473216083,-0.412773326,-0.590317768,0.314628154,-0.731319726,-0.786228315,-0.616882446,-0.575423728,1.183476448,-0.066437724,2.203032409,1.064647498,1.104968295,-0.530119861
0.611362836,-0.727462098,-0.659229172,0.133804622,0.09152902,-0.015475194,-0.993615841,-0.237968555,-0.767855354,-0.607962305,-0.624972422,-0.586862057,1.183476448,0.503219916,-0.400514791,-0.62800899,0.777427819,-0.1247565
0.516529389,-0.035143097,-0.91861219,-0.895261367,0.168012436,0.189584109,-0.833894445,-1.22754886,-0.83783548,-0.586745414,-0.464639835,-0.535411793,0.664308512,0.864466224,-0.578498515,-0.812860286,0.762170144,0.175512657
0.642973986,0.005581551,-0.225361304,1.046144089,0.04509928,-0.289402824,-1.008588248,0.197111105,-0.807408019,-0.703913521,-0.618819634,-0.563558217,1.960305508,0.364279028,-0.385698869,0.878156392,0.744702113,0.325647235
0.45330709,-0.605288156,-0.375324351,0.064033684,-0.142671909,-0.227453983,-0.978187279,1.529777525,-1.088657567,-0.614575631,-0.555131526,-0.435728169,0.14706342,1.93431106,-0.551601153,-0.634419156,0.751559654,-0.019662295
0.611362836,0.046306198,-0.646616978,-0.688294022,-0.109164617,-0.097555638,-0.818123343,-0.291796531,-0.942018121,-0.499806648,-0.361397921,-0.520268835,-0.631688485,0.642160804,-0.247073046,-0.902602609,0.789270312,0.250579946
0.45330709,0.412828022,-0.367114045,-1.35365699,-0.321345661,0.063150927,-1.03110269,2.070703943,-0.057461717,-0.303383516,-0.226452122,-0.522618465,0.664308512,-2.192233307,-0.903790042,-0.937783985,0.724211015,0.070418452
0.674585135,0.087030845,-0.654668599,-1.821580123,-0.225941976,-0.098931015,-0.845992121,-0.551141353,-0.194888292,-0.261091164,-0.219383637,-0.529282052,-1.410440389,-1.191858915,-0.280017343,0.153733105,0.763327089,0.025378078
0.45330709,-0.564563509,-0.435964909,-1.390149716,-0.361043865,-0.287008345,-0.877226236,0.808691594,0.025510221,-0.261567291,-0.245985461,-0.511163098,-0.891272453,-2.358962373,-0.304671187,-0.703738392,0.797541031,-0.139769958
0.516529389,-1.175433216,-0.340687755,-0.448936454,-0.631329512,-0.598237235,-0.697689774,0.111258484,-0.236292872,-0.405092062,-0.316821048,-0.559288737,-1.670024357,-0.56662492,2.143557419,2.848462508,0.84182064,-0.349958367
0.548140538,0.046306198,-0.739594182,-0.67612978,0.041950782,0.138191228,-0.735990167,-0.119561667,-0.985073136,-0.495905456,-0.438141021,-0.46114958,-0.112520548,1.239606621,-0.650073589,-0.54661479,0.763350383,0.280606861
0.516529389,-0.483114215,-0.730014708,-1.459455348,-0.199134318,0.112416023,-0.731631481,-0.97052633,-0.657419721,-0.591122174,-0.54360602,-0.573738335,0.14706342,-0.10811999,0.95671442,-0.569124908,0.9232402,0.145485741
0.421695941,0.168480139,-0.769406839,-2.365623896,-0.020417067,0.148540552,-0.769032314,-1.345469059,-0.195715818,-0.339208013,-0.328839164,-0.504605041,-0.891272453,-0.955659406,-0.614836056,-0.550565241,0.747312352,0.115458825
0.801029732,0.087030845,-0.694802087,-2.598338136,0.024587719,0.416536158,-0.754335437,-0.85833597,-0.43794711,-0.418692928,-0.511626605,-0.523200588,0.14706342,-0.816718518,-0.629154799,-0.373763921,0.770386513,-0.034675753
0.232029045,-0.808911392,-0.326376284,-0.827819324,-0.345295268,-0.146813182,-1.012345972,0.755264071,-0.541668302,-0.47577212,-0.312835408,-0.563299203,-1.410440389,-0.010861369,0.182563839,0.671763956,0.756412605,-0.319931451
0.674585135,-1.338331805,-0.507566573,0.539400518,-0.076682529,-0.401478758,-1.063075966,1.214453069,-1.086100204,-0.66594561,-0.495740181,-0.507368203,1.443060416,1.434123864,-0.265207636,-0.491681159,0.785548422,-0.184810331
0.89586318,0.168480139,-0.377457861,-0.213812806,-0.281827852,-0.242260792,-1.003082912,0.708589503,-0.91759376,-0.451566296,-0.249273802,-0.546864291,-1.150856421,0.392067206,-0.219007315,-0.093430967,0.765872622,0.475781813
0.45330709,-0.238766332,-0.659045564,-2.212772865,-0.091895342,0.345909603,-0.754786928,-0.730085708,-0.547252487,-0.446518915,-0.520609627,-0.541740018,0.664308512,-0.802824429,0.070717299,0.306459035,0.841740406,-0.064702668
0.295251344,-0.483114215,0.010872678,0.85395167,-0.336880546,-0.403265738,-0.59178327,0.337191287,-0.878772974,-0.837384493,-0.70041658,-0.603182569,1.443060416,0.11418543,1.181004115,2.514090365,0.943900825,-0.004648837
0.706196284,0.209204786,-0.495954392,-0.188988234,-0.118851188,-0.105771816,-0.876061585,0.902311124,-0.967444424,-0.545068269,-0.395842533,-0.456690613,-0.631688485,1.25350071,-0.754686181,-0.911919711,0.733940211,0.370687608
0.801029732,0.331378728,-0.8036092,-2.206369885,0.127470271,0.346957978,-0.788363617,-1.140179978,-0.517581076,-0.467069668,-0.466912614,-0.53550779,-0.372104516,-0.358213588,-0.791701127,-0.808984372,0.739743045,0.35567415
-0.526638538,-0.890360686,0.831562617,1.226021902,-1.362454607,-1.133259565,2.554899488,0.171485385,0.920997399,1.594228823,1.712863259,1.17953132,1.183476448,-0.066437724,2.203032409,1.064647498,1.091246741,-1.551034992
0.168806746,-0.198041685,0.318455481,0.4976663,-0.675573028,-0.526357108,1.046112894,0.353790223,0.927776714,1.81000868,1.543587196,1.068843785,1.183476448,0.503219916,-0.400514791,-0.62800899,0.763231323,-0.755321728
0.105584448,0.453552669,0.101600059,0.128149919,-0.376573145,-0.377780347,1.157039236,0.607095792,0.882349562,1.770573273,1.551284613,1.107153407,0.664308512,0.864466224,-0.578498515,-0.812860286,0.747980118,-0.590173692
0.326862493,0.453552669,0.95756493,1.224042282,-0.991079564,-0.730300075,1.473461164,0.249217418,0.781820945,1.590436731,1.53216984,1.057213102,1.960305508,0.364279028,-0.385698869,0.878156392,0.730417615,-0.665240981
0.263640194,-0.320215626,0.819799506,0.717382774,-0.810974704,-0.37508038,1.415624364,1.445787872,0.847879011,1.732867379,1.39944523,1.168655982,0.14706342,1.93431106,-0.551601153,-0.634419156,0.737233747,-0.515106403
0.326862493,0.290654081,0.303317635,0.219857695,-0.598231934,-0.427836276,1.443061842,1.302467489,0.744043956,1.703456944,1.516528503,1.208613951,-0.631688485,0.642160804,-0.247073046,-0.902602609,0.774941815,-0.39499874
0.326862493,-0.116592391,0.389146582,0.402629163,-0.844624993,-0.585543864,1.548092152,0.723174416,0.899240156,1.265193166,1.477452392,1.004198661,-1.410440389,-1.191858915,-0.280017343,0.153733105,0.748839414,-0.650227523
0.168806746,-0.686737451,0.777645497,0.589754134,-1.064855484,-0.773859015,1.889729866,0.516137668,0.781731815,1.368647868,1.292904575,0.946825172,-0.891272453,-2.358962373,-0.304671187,-0.703738392,0.783345829,-0.860415933
0.010751,-0.931085333,0.550104797,0.844794744,-1.325238543,-1.031822386,1.810045761,0.646773575,0.701533157,1.283757422,1.312015068,1.171398393,-1.670024357,-0.56662492,2.143557419,2.848462508,0.825939201,-0.845402475
0.200417896,0.575726611,0.2522956,0.174669798,-0.402946657,-0.312949468,1.21417436,1.187916467,0.82246012,1.811195455,1.485466585,1.140027463,-0.112520548,1.239606621,-0.650073589,-0.54661479,0.749266474,-0.364971825
0.642973986,-0.483114215,0.289034411,0.308350959,-0.796350011,-0.701496112,1.533290333,0.611256988,0.815025124,1.747625429,1.508914457,1.130853856,0.14706342,-0.10811999,0.95671442,-0.569124908,0.908856057,-1.0856178
0.295251344,0.575726611,0.089229629,0.196313008,-0.415459141,-0.378930486,1.023205281,0.676645332,0.899441206,1.809660251,1.575403504,1.137163877,0.664308512,1.211818444,-0.166374745,0.991228737,0.740953047,-0.425025656
0.042362149,-0.116592391,0.246643346,0.151001976,-0.607733183,-0.472921169,1.406563156,0.796512064,0.874245274,1.586164076,1.581079557,1.014208645,0.14706342,-0.816718518,-0.629154799,-0.373763921,0.756320722,-0.905456306
-0.020860149,-0.808911392,0.722181971,0.538308886,-0.978748955,-0.661668089,1.503283002,0.987135817,0.74078562,1.359246213,1.220122071,1.121220072,-1.410440389,-0.010861369,0.182563839,0.671763956,0.741490107,-0.830389017
0.484918239,0.331378728,0.678103261,0.353413355,-0.884634073,-0.580007224,1.167689082,0.919502535,0.62028668,1.561017423,1.351430828,1.015358737,-1.150856421,0.392067206,-0.219007315,-0.093430967,0.751326711,-0.379985283
0.263640194,-0.605288156,0.318486498,0.284570659,-0.748177314,-0.655425789,1.472624145,0.550309859,0.927543247,1.602716268,1.579294386,1.078599477,0.664308512,-0.802824429,0.070717299,0.306459035,0.827664263,-0.935483222
0.168806746,-0.075867744,1.099401305,1.467304627,-1.22870557,-1.011236418,3.42649972,-0.115781848,0.861537482,1.535946848,1.755361641,1.152804765,1.443060416,0.11418543,1.181004115,2.514090365,0.93007833,-0.875429391
0.295251344,0.249929433,0.33150745,0.219245577,-0.664889954,-0.46842775,1.519099564,1.174146915,0.928585455,1.426076614,1.457687166,1.076821686,-0.372104516,-1.205753004,-0.827261827,-0.845507411,0.712890054,-0.560146776
0.484918239,0.331378728,0.141691452,0.063431037,-0.473216643,-0.368926106,1.188238218,0.91342362,0.792699166,1.664120933,1.57013353,1.117130869,-0.372104516,-0.358213588,-0.791701127,-0.808984372,0.725562077,-0.47006603
-1.75947336,-1.134708569,-0.413569692,1.338881535,-0.564958374,-1.744155341,0.966247448,0.477877022,-0.39295506,-0.526373248,-1.086236781,-1.005349212,1.183476448,-0.066437724,2.203032409,1.064647498,1.076035654,-1.190712005
-0.937583479,-0.401664921,-0.979888592,0.338174308,0.199744059,-1.155721508,0.133352185,-0.155478103,-0.647911964,-0.540092875,-1.106860211,-1.0432871,1.183476448,0.503219916,-0.400514791,-0.62800899,0.747496117,-0.485079487
-0.621471986,-0.320215626,-1.346513206,-0.124531012,0.488617717,-1.012072451,0.138648384,-1.419275944,-0.645538554,-0.620921359,-1.064810528,-1.041487793,0.664308512,0.864466224,-0.578498515,-0.812860286,0.732253971,-0.289904536
-0.716305434,-0.198041685,-0.457727052,1.123417929,-0.018274336,-1.749813152,-0.53225592,0.694320787,-1.007715098,-0.978522502,-1.175696093,-1.03665076,1.960305508,0.364279028,-0.385698869,0.878156392,0.714624176,-0.274891078
-0.684694284,-0.360940274,-0.694234646,0.439417884,0.031823468,-1.133335908,0.116313993,2.42366794,-0.731170294,-0.642327822,-1.069552037,-1.0432871,0.14706342,1.93431106,-0.551601153,-0.634419156,0.721356188,-0.25987762
-0.368582791,-0.116592391,-0.972053534,0.054270559,0.166072838,-1.142152698,0.130657427,-0.178915581,-0.674412494,-0.763078395,-1.073112762,-1.043202767,-0.631688485,0.642160804,-0.247073046,-0.902602609,0.759061669,-0.244864162
-0.779527732,-0.360940274,-0.422871123,0.922342083,-0.504170039,-1.689826763,0.572455909,0.191902302,-0.736536169,-0.964673493,-1.114444674,-1.039118531,-1.670024357,-0.56662492,2.143557419,2.848462508,0.808344345,-0.800362101
-0.43180509,-0.075867744,-1.113398072,0.037546798,0.366963641,-1.06982606,0.163450081,0.104196843,-0.752526862,-0.788889724,-1.115135301,-1.04294405,-0.112520548,1.239606621,-0.650073589,-0.54661479,0.733655504,-0.154783415
-0.747916583,-0.401664921,-0.835389483,0.111564684,0.025678007,-1.166044794,0.284908369,-1.342864806,-0.628878734,-0.685790808,-1.067573314,-1.01665513,-0.891272453,-0.955659406,-0.614836056,-0.550565241,0.717156767,-0.545133319
-0.779527732,-0.442389568,-0.550905035,0.630240436,-0.111118151,-1.342329605,-0.067510389,1.156372604,-0.876436943,-1.002497383,-1.129675948,-1.04202348,-1.410440389,-0.010861369,0.182563839,0.671763956,0.724952548,-0.725294812
-1.064028076,-0.442389568,-0.790655543,0.418241163,-0.11948225,-1.282368165,0.12936547,-0.590745993,-0.605789943,-0.501213085,-1.087034458,-0.947980347,0.664308512,-0.802824429,0.070717299,0.306459035,0.812062352,-0.575160234
-0.653083135,-0.116592391,-0.724420057,0.338427681,-0.083475232,-1.148519009,0.134534558,-0.437153403,-0.679122835,-0.634533176,-1.087872574,-0.986220365,-0.372104516,-1.205753004,-0.827261827,-0.845507411,0.697037085,-0.410012198
-0.653083135,-2.234274042,1.06528064,0.969612607,-0.456829376,-0.808635381,0.7436154,-0.620605494,-0.931953511,-0.09110992,0.378032727,1.778134362,1.183476448,-0.066437724,2.203032409,1.064647498,1.059329861,-1.175698547
-0.273749344,-1.338331805,1.355932164,0.580696665,-0.524272259,-0.34534196,0.085028213,0.607955651,-0.693759541,0.346010566,0.56642617,1.550325935,0.664308512,-2.192233307,-0.903790042,-0.937783985,0.676795755,-0.60518715
-0.336971642,-1.216157863,0.767392793,0.091190703,-0.0984449,-0.313661455,0.152104762,-1.010441533,-0.828028815,0.318291257,0.468654243,1.767914324,-1.410440389,-1.191858915,-0.280017343,0.153733105,0.71515606,-0.620200608
-0.115693597,-1.460505746,0.576282953,-0.260844166,0.072209584,-0.118641841,-0.022550218,-1.208450877,-0.815741895,0.395705913,0.481666087,1.757667361,0.14706342,-0.816718518,-0.629154799,-0.373763921,0.723611838,-0.635214066
0.042362149,-1.256882511,1.265737052,1.398728328,-0.30303681,-0.786724908,1.403482967,-0.647263924,-1.04488044,-0.08539957,0.214915172,1.755315047,1.443060416,0.11418543,1.181004115,2.514090365,0.898032038,-0.500092945
0.421695941,-0.931085333,0.553173242,-0.117872291,0.183942293,-0.131582057,-0.192799042,0.186003772,-1.153824775,0.193047776,0.254746707,1.632000642,-0.631688485,1.25350071,-0.754686181,-0.911919711,0.686424006,-0.229850704
0.042362149,-1.093983922,0.735343052,-0.099538313,-0.022945307,-0.144558116,-0.013793577,-0.859040492,-0.845834035,0.435795684,0.46770667,1.763979201,-0.372104516,-1.205753004,-0.827261827,-0.845507411,0.679628582,-0.440039114
-1.601417614,-0.768186745,-0.39605297,1.188728803,0.284662487,-0.772116445,-0.384818575,0.129985954,1.78410972,0.057516659,-0.620916418,-1.039299118,1.183476448,-0.066437724,2.203032409,1.064647498,1.041129356,-0.920469764
-0.969194628,0.209204786,-0.18545795,0.973166924,0.335091231,-0.669544165,-0.804406398,1.45172967,1.79943467,0.258174398,-0.809910115,-0.968327238,0.664308512,-2.192233307,-0.903790042,-0.937783985,0.657895131,-0.214837247
-0.305360493,0.249929433,-0.897534355,0.647131138,0.83190754,-0.244961902,-0.847590265,0.954753048,1.593144012,0.158718966,-0.854766794,-0.981728665,-1.150856421,0.392067206,-0.219007315,-0.093430967,0.69822638,0.08543191
-0.747916583,0.127755492,-0.191709492,1.455912343,0.420555978,-0.390884564,-0.289827318,0.189707835,1.805414752,-0.154900598,-0.524933816,-1.043209199,1.443060416,0.11418543,1.181004115,2.514090365,0.879813415,-0.304917994
-0.684694284,-1.419781099,-0.189961475,1.457986681,0.093147125,-1.141477034,-0.240980176,-0.001451383,-0.350616624,-0.583748926,-0.994724547,-1.0044064,1.183476448,-0.066437724,2.203032409,1.064647498,1.021432848,-0.95049668
-0.115693597,-0.686737451,-0.682345807,0.43439306,0.711665097,-0.44064222,-0.641879177,-0.464853946,-0.869400925,-0.771931162,-0.671544964,-1.037246741,1.183476448,0.503219916,-0.400514791,-0.62800899,0.691032369,-0.199823789
-0.020860149,-0.483114215,-1.017494213,-0.318443759,0.99188801,-0.332441618,-0.424095116,-1.525328761,-0.640996905,-0.563071848,-0.765450006,-1.039672585,0.664308512,0.864466224,-0.578498515,-0.812860286,0.675818692,-0.049689211
0.073973299,-0.238766332,-0.217177031,1.143074416,0.531779678,-0.647671,-1.041709361,0.148008638,-0.940396956,-0.740329633,-0.673254116,-1.033186136,1.960305508,0.364279028,-0.385698869,0.878156392,0.658021956,0.010364621
0.769418583,-0.401664921,-0.561424151,0.696352867,0.584149527,-0.489054101,-0.688270158,2.050003192,-0.805190401,-0.866606879,-0.848096043,-1.028801735,0.14706342,1.93431106,-0.551601153,-0.634419156,0.664386438,0.400714524
0.232029045,-0.401664921,-0.803869242,0.322172777,0.711222774,-0.736092919,-0.490788812,-0.350373278,-0.662462241,-0.691106432,-0.904249138,-1.004058698,-0.631688485,0.642160804,-0.247073046,-0.902602609,0.702078978,-0.079716126
0.200417896,-0.320215626,-1.046890358,-0.043692199,0.961479819,-0.477828465,-0.520178486,-0.067977775,-0.724586318,-0.791918569,-0.883817666,-1.037996966,-0.112520548,1.239606621,-0.650073589,-0.54661479,0.677635637,0.040391536
0.232029045,-0.320215626,-1.05727793,-0.365207538,1.010889665,-0.330592764,-0.47273697,-0.915661074,-0.67304845,-0.549847627,-0.844136403,-1.037489098,0.664308512,1.211818444,-0.166374745,0.991228737,0.667153266,0.100445368
0.042362149,-0.523838862,-0.526571269,0.058989916,0.584438898,-0.439075473,-0.770861206,1.500693213,-0.860813049,-0.72938583,-0.612396902,-0.990767093,1.443060416,1.434123864,-0.265207636,-0.491681159,0.698604263,-0.169796873
0.105584448,-0.483114215,-0.872022229,0.213929492,0.809517964,-0.624881908,-0.542232311,-1.288927343,-0.468839606,-0.650047399,-0.971413919,-0.990063923,-0.372104516,-0.358213588,-0.791701127,-0.808984372,0.653444653,-0.109743042
-0.747916583,-1.541955041,0.465920847,1.160539349,-0.424277662,-0.931228969,0.369306624,-0.154739656,-1.64439848,-1.247872513,1.087461315,2.021232816,1.183476448,-0.066437724,2.203032409,1.064647498,1.000228693,-1.025563969
-0.495027389,-1.175433216,0.264201609,0.751254162,-0.473449371,-0.790103379,-0.498613106,-0.026500448,-1.692109938,-1.264024214,1.299467964,1.503251235,-1.670024357,-0.56662492,2.143557419,2.848462508,0.720795833,-0.890442848
-0.336971642,-1.093983922,0.299310933,0.362370185,-0.125686964,-0.621116671,-0.573110953,0.332647551,-1.698658599,-1.230313303,1.269761533,1.678175944,-1.410440389,-0.010861369,0.182563839,0.671763956,0.642612869,-0.74030827
-1.285306121,-1.338331805,1.768786446,1.101903772,-1.178818532,-0.307342081,1.984470386,-0.742492566,0.902827579,1.394425186,1.31621697,1.153596595,1.183476448,-0.066437724,2.203032409,1.064647498,0.977440535,-1.536021535
-0.463416239,-1.012534628,1.215269441,0.509605585,-0.563466611,0.253128328,0.649321439,-0.717664039,1.034568262,1.323747164,1.258957534,0.846175884,1.183476448,0.503219916,-0.400514791,-0.62800899,0.645563462,-0.980523595
-0.400193941,-0.320215626,1.901401424,1.300952638,-0.753238431,0.08603742,0.994552384,-0.594396035,1.145084077,1.034257598,1.087550202,0.835144651,1.960305508,0.364279028,-0.385698869,0.878156392,0.612628108,-0.710281355
-0.589860836,-0.238766332,0.997931043,-0.072577835,-0.441855086,0.39667697,0.504822188,-0.46651872,1.22773566,1.170474424,1.022402946,0.839975056,-0.631688485,0.642160804,-0.247073046,-0.902602609,0.656197246,-0.455052572
-0.621471986,-1.338331805,1.296346175,0.495486587,-0.957688286,-0.224927378,1.007667457,-0.679572833,1.097227927,1.147264426,1.061261355,0.954418024,-1.670024357,-0.56662492,2.143557419,2.848462508,0.694509667,-0.815375559
-0.937583479,-0.890360686,1.029760897,-0.028861628,-0.713510436,0.125346616,0.954281584,-0.917245697,1.099235244,1.404794024,1.294396315,0.992737094,0.14706342,-0.10811999,0.95671442,-0.569124908,0.789650781,-1.115644716
-0.305360493,-0.564563509,1.001429292,-0.124764256,-0.455618872,0.297471702,1.009100647,-1.029622696,1.391049589,1.423284253,1.393631186,1.160824953,-0.891272453,-0.955659406,-0.614836056,-0.550565241,0.614474819,-0.785348644
-0.43180509,-0.646012804,1.076729706,-0.100222655,-0.501732196,0.314354342,0.88563922,-0.788392376,1.30442147,1.51476018,1.471280061,1.276296477,0.14706342,-0.816718518,-0.629154799,-0.373763921,0.639730862,-0.995537053
-0.178915896,-0.238766332,1.132484569,0.052274364,-0.512181979,0.275164049,1.019349018,-0.630619891,1.326558816,1.455026959,1.421215401,1.257408834,-0.372104516,-1.205753004,-0.827261827,-0.845507411,0.594352545,-0.680254439
-2.170418301,-1.175433216,1.994934715,1.553348229,-1.333347815,-0.714401679,0.936560327,-1.078620978,0.362737973,-0.117736316,-0.068083097,0.025811138,1.183476448,-0.066437724,2.203032409,1.064647498,0.953153783,-1.385886956
-1.032416927,-0.116592391,0.98568551,0.839074923,-0.486573282,-0.177178825,-0.009154053,-1.148199256,0.533853156,0.016996244,-0.224293432,-0.075406887,-0.372104516,-0.358213588,-0.791701127,-0.808984372,0.582961702,-0.334944909
-2.107196002,-0.564563509,1.687906336,1.539578506,-1.510145596,-0.522742845,0.953873797,-1.158387589,1.959754273,0.868189041,1.822252006,1.596603241,1.183476448,-0.066437724,2.203032409,1.064647498,0.900062511,-1.460954245
-1.190472673,0.535001963,0.614817414,0.638174306,-0.506104466,0.322700592,0.30822536,-1.447744769,1.861319034,0.617905566,1.597292317,1.541360988,0.14706342,0.614372626,-0.687393057,-0.584777638,0.53953621,-0.695267897
-2.391696346,-0.686737451,2.502771215,1.284652744,-1.972761038,-1.015535995,1.105809296,-1.062525146,2.075111523,2.041081943,2.292166522,2.037145567,1.183476448,-0.066437724,2.203032409,1.064647498,0.871247636,-1.641115739
-1.696251062,0.087030845,2.214289758,0.953528198,-1.720860752,-0.704316628,0.466893109,-0.706994217,1.87415372,1.663584176,2.162648039,2.060718698,-0.891272453,-2.358962373,-0.304671187,-0.703738392,0.55600777,-1.130658173
-1.822695659,-0.238766332,1.829086374,0.869072318,-1.620954609,-0.694919708,0.361746991,-0.556980393,1.960508396,1.863577606,2.335203039,2.138733739,0.14706342,-0.10811999,0.95671442,-0.569124908,0.678554463,-1.310819667
-1.348528419,0.412828022,1.779211958,0.660149033,-1.386305241,-0.397075392,-0.246667998,-0.458325807,1.944673833,1.882769717,2.22025571,2.127556421,0.664308512,1.211818444,-0.166374745,0.991228737,0.508628743,-0.770335186
-1.980751405,-0.198041685,2.28210516,0.949263491,-1.332931412,-0.322470041,-0.937936717,-0.989873676,1.932161606,1.969669569,2.125216748,2.214854514,0.14706342,-0.816718518,-0.629154799,-0.373763921,0.499999552,-1.010550511
-2.233640599,-1.175433216,2.45577859,1.423651171,-1.638396866,-0.274950019,1.394297265,-1.186595496,2.376864666,1.743096466,2.212517474,1.739167475,1.183476448,-0.066437724,2.203032409,1.064647498,0.808988817,-1.415913872
-1.064028076,0.249929433,0.457002417,0.939396175,0.230720801,-0.324776524,-0.624962443,0.282866272,1.6080806,0.626085995,-0.037017781,0.250865201,-1.150856421,0.392067206,-0.219007315,-0.093430967,0.417487756,0.205539572
-0.210527045,0.127755492,1.749154491,1.284516584,-0.861974501,-0.080535388,1.29466911,-0.583255443,0.98043111,1.110098322,1.045535657,1.300140967,1.960305508,0.364279028,-0.385698869,0.878156392,0.367561899,0.055404994
-0.115693597,0.209204786,0.955036509,-0.007738186,-0.655894983,0.336063845,0.796829243,-1.073225581,0.455087432,0.909314535,0.972234956,1.038366857,-0.631688485,0.642160804,-0.247073046,-0.902602609,0.409522445,0.430741439
-0.115693597,0.249929433,0.882593515,-0.365701259,-0.67079967,0.373830618,0.643420193,-1.289509066,0.44525422,1.047535404,1.10476778,1.329585887,0.664308512,1.211818444,-0.166374745,0.991228737,0.3709512,0.265593404
-0.43180509,0.331378728,0.886134412,-1.281199593,-0.599853727,0.501040157,1.499085173,-1.344415851,0.430468329,0.909073366,0.980425292,1.078576889,-0.891272453,-0.955659406,-0.614836056,-0.550565241,0.36823096,0.130472283
0.010751,0.249929433,1.143933081,0.285659923,-0.726059575,0.19446491,0.505586471,-0.270311752,0.444700931,0.743474821,0.828683411,0.771751508,-1.150856421,0.392067206,-0.219007315,-0.093430967,0.380589806,0.550849102
-0.147304746,0.209204786,1.114961201,0.183433641,-0.677749855,0.349646885,0.740505534,-0.699625674,0.288955571,0.80178011,0.928904627,0.884229051,-0.631688485,1.25350071,-0.754686181,-0.911919711,0.355228936,0.505808729
-0.147304746,0.331378728,0.965850285,-1.032866249,-0.63468358,0.511670863,1.430531406,-0.972282385,0.434330642,1.079566151,0.988418725,1.073687666,-0.372104516,-1.205753004,-0.827261827,-0.845507411,0.348115158,0.235566488
-0.178915896,0.209204786,0.782453097,-0.420509019,-0.511509277,0.550467616,1.262269077,-1.32032594,0.598344085,0.998949387,1.024726995,1.107007107,-0.372104516,-0.358213588,-0.791701127,-0.808984372,0.363789538,0.340660693
-1.506584166,-0.035143097,0.321327302,1.55247445,-0.798042761,-1.047608109,1.530880121,1.038017216,2.370034504,0.16168189,-0.96157524,-0.082950229,1.183476448,-0.066437724,2.203032409,1.064647498,0.70403051,-1.43092733
-2.296862898,-0.890360686,1.686567076,1.437832921,-1.430085155,-0.4227086,-0.422567839,-0.8216747,0.981712586,0.559564975,0.718647016,0.305221503,1.183476448,-0.066437724,2.203032409,1.064647498,0.66597044,-1.070604342
-1.127250374,0.209204786,0.822815888,0.645604984,-0.72970092,0.272727281,-0.997091783,-0.961482569,0.774142941,0.654432035,1.003874503,0.268786955,-0.372104516,-1.205753004,-0.827261827,-0.845507411,0.270730665,-0.094729584
-0.558249687,0.209204786,0.137609977,0.155913138,0.058144214,0.234124259,0.052388535,2.039454672,0.326069581,-0.859590731,-0.2759158,-0.094657448,0.664308512,-2.192233307,-0.903790042,-0.937783985,0.228116588,0.22055303
-0.653083135,0.209204786,-0.502293722,-0.629466641,0.493882905,0.372543784,0.201511711,-0.462441477,0.360447815,-0.879978495,-0.297941552,-0.410020822,-1.410440389,-1.191858915,-0.280017343,0.153733105,0.259645233,0.160499199
-0.210527045,0.249929433,-0.230930753,-0.664717368,0.311590906,0.493479729,0.120346616,0.405609318,0.405310698,-0.85379595,-0.202494826,-0.261236375,-0.112520548,-1.455846602,-0.853798734,-0.895372538,0.234237775,0.295620319
0.263640194,0.127755492,-0.130758212,-0.911922377,0.377178992,0.461015045,0.092030783,-0.79316873,-1.127798046,-0.459737766,-0.586274685,0.225871076,-0.631688485,0.642160804,-0.247073046,-0.902602609,0.24800333,0.490795271
0.105584448,0.453552669,0.869893254,-0.113400386,-0.219805095,0.421182287,0.566258064,1.184434787,-0.683649725,-0.011430153,-0.274254166,0.18368312,0.664308512,-2.192233307,-0.903790042,-0.937783985,0.18552451,0.310633777
0.358473642,0.087030845,-0.187061683,-1.182250576,0.402929868,0.578981699,0.169923498,-1.189120094,-0.996251564,-0.202842864,-0.23802434,0.428561733,0.664308512,1.211818444,-0.166374745,0.991228737,0.207534904,0.385701066
0.484918239,0.127755492,0.028185021,-0.0537454,0.292817951,0.122739355,-0.263265129,0.67486618,-1.196668359,-0.594741499,-0.796292613,0.098225643,-1.150856421,0.392067206,-0.219007315,-0.093430967,0.216849978,0.625916391
0.295251344,0.168480139,-0.003812656,-0.390759078,0.344158034,0.479778506,-0.321907744,-0.160775208,-1.135701664,-0.37566286,-0.498316421,0.287741604,-0.631688485,1.25350071,-0.754686181,-0.911919711,0.194144645,0.610902933
0.168806746,1.064422376,1.270134788,0.163855296,-0.801423141,0.577106183,0.373465854,-0.275352843,1.339066121,0.977777114,1.165931953,0.790223178,-0.112520548,-1.455846602,-0.853798734,-0.895372538,0.147534324,0.415727982
-0.273749344,1.186596318,1.050374312,0.556350421,-0.241701855,0.355505533,0.340823118,-0.197143845,1.715641649,1.8993607,0.801241762,1.338098091,-0.631688485,0.642160804,-0.247073046,-0.902602609,0.157636224,0.190526114
-1.190472673,-0.442389568,2.35030218,1.395703252,-1.541085473,-0.103688681,1.758991959,-1.116699098,1.800720489,1.902010469,0.836422107,1.091893054,1.183476448,-0.066437724,2.203032409,1.064647498,0.452097699,-1.100631258
-1.980751405,-0.238766332,0.798865955,1.508292937,-1.099472773,-0.801924747,2.555649374,0.292625038,1.486307318,0.245449922,-0.693749876,-0.046132952,1.183476448,-0.066437724,2.203032409,1.064647498,0.404608673,-1.205725463
0.295251344,0.005581551,-1.325636426,0.01869542,0.792743956,0.369003727,-0.501941361,0.06200414,-1.005707232,-0.828455394,-0.975912496,-1.014341589,-0.112520548,1.239606621,-0.650073589,-0.54661479,-0.05395757,0.460768355
0.168806746,-0.075867744,-0.727211013,0.425828126,0.289628637,0.04270269,-0.715446018,1.500232795,-1.207254469,-1.157905751,-1.067499593,-1.020347578,-1.150856421,0.392067206,-0.219007315,-0.093430967,-0.07614914,0.580876018
0.295251344,-0.075867744,-1.001731877,0.495770743,0.551708373,0.169302915,-0.605042758,1.154849992,-1.230246861,-0.911339611,-1.095643773,-1.018090869,-0.631688485,1.25350071,-0.754686181,-0.911919711,-0.09425388,0.445754897
-0.368582791,-1.093983922,1.45507506,1.337177783,-0.959616822,-0.568385334,0.623842263,-0.087031987,2.33802297,1.316177045,0.945634248,2.083763232,1.183476448,-0.066437724,2.203032409,1.064647498,0.200069124,-1.280792752
0.010751,0.575726611,-0.863184388,-0.775053935,0.867296017,0.426803826,-1.446735234,-0.21324511,-0.878649491,-1.042799893,-0.889330055,-0.886988727,-0.112520548,1.239606621,-0.650073589,-0.54661479,-0.398078313,0.655943307
0.042362149,0.779349846,-1.153607439,-0.755340617,0.955324349,0.239860593,-1.41038598,-0.877009208,-0.729666689,-1.004766288,-0.758725295,-0.687686518,0.664308512,1.211818444,-0.166374745,0.991228737,-0.43734709,0.535835644
0.105584448,0.494277316,-0.562430535,-0.744593601,0.503381087,0.135620849,-1.575126027,1.060507206,-0.963363493,-0.877867895,-0.729271278,-0.991347976,-1.150856421,0.392067206,-0.219007315,-0.093430967,-0.429447781,0.836104801
-0.020860149,0.575726611,-0.612594902,-0.42819899,0.678308586,0.323257917,-1.585797167,0.461472364,-0.866069494,-1.038812416,-0.868060398,-0.920218997,-0.631688485,1.25350071,-0.754686181,-0.911919711,-0.442379923,0.70098368
0.010751,0.820074493,-0.568034324,-1.005287731,0.529536181,0.420486938,-1.40508639,0.515069074,-0.515923441,-0.864548427,-0.619652777,-0.813913652,-0.112520548,-1.455846602,-0.853798734,-0.895372538,-0.443226278,0.761037511
-0.084082448,0.779349846,-0.849736124,-1.775796681,0.788002008,0.601154984,-1.34994478,-0.609389539,-0.561254839,-0.838428765,-0.457036828,-0.79988331,-0.372104516,-1.205753004,-0.827261827,-0.845507411,-0.450153701,0.821091343
-0.273749344,0.535001963,-1.199530817,-1.409844089,1.105269315,0.659146286,-1.269294974,-1.315633572,-0.657255279,-0.790260575,-0.589176873,-0.706052972,-0.372104516,-0.358213588,-0.791701127,-0.808984372,-0.428675191,0.776050969
1.022307777,0.494277316,1.007811547,0.139568252,-0.072555202,0.550112063,-1.177452309,-0.50157317,0.285791184,1.412979324,0.263597465,-0.219229013,-1.150856421,0.392067206,-0.219007315,-0.093430967,-0.494043781,0.520822186
-0.336971642,0.494277316,-0.0792532,0.224849368,0.125729502,0.965330327,-0.200132331,-0.359170809,0.40621731,-0.457305328,-0.171911144,-0.518978578,1.183476448,0.503219916,-0.400514791,-0.62800899,-0.520689712,0.56586256
-0.273749344,0.535001963,-0.386269948,-0.810163768,0.156149912,1.109373265,-0.095811679,-1.108194026,0.289409903,-0.279657073,0.092166303,-0.331599856,0.664308512,0.864466224,-0.578498515,-0.812860286,-0.53523821,0.791064427
-0.147304746,0.86079914,1.246321107,1.169798097,0.115132526,0.509225876,-0.264279492,0.065472579,0.097098032,-0.807410164,-0.263772452,-0.71863703,1.960305508,0.364279028,-0.385698869,0.878156392,-0.557168367,0.851118258
-0.178915896,0.942248435,0.446581889,-0.331312472,0.031641776,0.944469351,-0.104969409,-0.791897461,-0.086714565,-0.106005871,0.219848283,-0.400725432,-0.631688485,0.642160804,-0.247073046,-0.902602609,-0.519440885,0.91117209
0.137195597,1.227320965,0.445213829,0.3689259,-0.163163452,0.864502343,-0.038109691,-0.922288527,-0.203021932,-0.360479215,0.154020366,-0.183532772,-1.410440389,-1.191858915,-0.280017343,0.153733105,-0.557806366,0.866131716
-0.273749344,0.779349846,1.057918034,0.764958766,-0.385554857,0.751070683,-0.055929913,-0.151449901,0.020354106,-0.442562496,0.241699818,-0.137714692,-0.891272453,-2.358962373,-0.304671187,-0.703738392,-0.500607557,0.731010596
-0.716305434,0.087030845,0.191383644,-0.435006892,-0.24403167,0.97349173,0.110668528,-1.312133153,0.203086749,-0.304483187,0.307273824,-0.235260381,0.14706342,-0.10811999,0.95671442,-0.569124908,-0.390653946,0.640929849
-0.305360493,0.901523788,-0.250592064,-0.699982304,0.075892235,1.047038602,-0.099141676,-0.653679882,0.236529703,-0.241451064,0.076928751,-0.31216357,0.664308512,1.211818444,-0.166374745,0.991228737,-0.567866857,0.881145174
-0.400193941,0.494277316,0.528632329,-0.209794369,-0.072837304,1.182320634,-0.087786886,-1.16857845,0.154085299,-0.41556956,0.261158509,-0.153871327,0.14706342,-0.816718518,-0.629154799,-0.373763921,-0.517042881,0.685970222
0.168806746,1.268045612,0.667838371,0.243462766,0.023941987,0.75281214,-0.426996135,0.131416596,-0.349093061,-0.287089689,0.178826451,-0.475941038,-1.150856421,0.392067206,-0.219007315,-0.093430967,-0.560192725,1.016266294
-0.052471299,0.901523788,0.488873812,-0.339494978,0.119373826,1.083393459,-0.262960972,0.049652799,-0.165081406,-0.227603947,0.122717817,-0.433320867,-0.631688485,1.25350071,-0.754686181,-0.911919711,-0.571292391,0.956212463
0.042362149,1.105147023,0.788340191,0.277096173,-0.230898876,1.061348413,-0.156104098,-0.122596501,0.09924427,-0.33533194,0.185512819,-0.180730667,-0.112520548,-1.455846602,-0.853798734,-0.895372538,-0.571832038,0.941199005
0.421695941,0.86079914,-0.199860533,0.867151897,0.810895621,0.495443317,-0.793853258,1.844219658,0.762428817,0.027403059,-0.863897596,-0.654768102,0.14706342,1.93431106,-0.551601153,-0.634419156,-0.623727546,0.595889475
0.737807434,1.512393495,-0.566472408,0.373621577,1.013364835,0.730627856,-0.633844455,-0.056728606,0.543457598,0.429562671,-0.981568916,-0.559352127,-0.631688485,0.642160804,-0.247073046,-0.902602609,-0.586495712,0.746024054
0.611362836,1.186596318,-0.422122844,0.103840378,0.89164345,0.850053268,-0.655415118,-1.111631394,0.408637493,0.325025988,-0.824667915,-0.574110541,-0.891272453,-0.955659406,-0.614836056,-0.550565241,-0.626032374,0.670956765
0.769418583,1.105147023,0.755582603,0.155099742,0.342523987,0.885205854,-0.68182212,0.61699681,-0.993855395,-0.570808188,-0.482241034,-0.625355886,-1.150856421,0.392067206,-0.219007315,-0.093430967,-0.697392737,0.715997138
0.832640882,0.535001963,0.318396218,0.785177645,0.912315321,1.182179618,0.065944551,0.492310574,-1.018340145,-0.809550235,-0.931323377,-1.042569082,1.960305508,0.364279028,-0.385698869,0.878156392,-0.906936646,1.166400873
0.579751687,0.209204786,-0.040490543,0.656305823,1.076695186,1.090208696,0.020862676,1.436103586,-0.291138227,-0.27997696,-0.790665366,-1.013477307,0.14706342,1.93431106,-0.551601153,-0.634419156,-0.907506059,1.031279752
0.959085479,0.616451258,-0.391278603,-0.328635486,1.312446782,1.371974001,0.161337061,-0.491679689,-0.2472655,-0.421393247,-0.949735795,-1.007435272,-0.631688485,0.642160804,-0.247073046,-0.902602609,-0.870421758,1.211441246
0.927474329,1.023697729,-0.163754795,-0.145376217,1.138574368,1.298186677,0.456111879,-0.506387876,-0.138969286,-0.476202947,-0.969277257,-0.985802902,-1.410440389,-1.191858915,-0.280017343,0.153733105,-0.911551478,1.076320126
0.927474329,0.494277316,-0.499308912,-0.246764239,1.404532312,1.349109339,0.123651715,-0.370153831,-0.284289895,-0.353047083,-0.812886344,-0.990876647,-0.112520548,1.239606621,-0.650073589,-0.54661479,-0.87203682,1.271495077
0.864252031,0.738625199,-0.673806778,-0.564390195,1.470906387,1.408719102,0.198304978,-1.021567985,-0.305271871,-0.25713661,-0.745102108,-0.982430545,0.664308512,1.211818444,-0.166374745,0.991228737,-0.922094675,1.196427788
0.706196284,0.738625199,-0.377539557,-0.497038134,1.324178609,1.472770172,0.596726165,-1.47717854,0.003259185,-0.395927227,-0.939490981,-0.967820267,-0.891272453,-0.955659406,-0.614836056,-0.550565241,-0.909465358,1.001252837
1.148752374,0.657175905,-0.167590351,0.148925271,1.185323621,1.187198969,-0.258361385,1.028182904,-0.288192184,-0.533863049,-1.017195059,-1.038877174,-1.150856421,0.392067206,-0.219007315,-0.093430967,-0.915026192,1.331548909
0.548140538,0.697900552,-0.18149805,-0.152042042,1.073560523,1.332600372,0.35390824,-0.715561177,-0.188669648,-0.396821598,-0.8247688,-0.95608206,0.664308512,-0.802824429,0.070717299,0.306459035,-0.793465618,0.926185547
0.89586318,0.982973082,0.100985539,-0.002206617,0.95893107,1.406723323,0.324544872,0.564234339,-0.116888541,-0.533329115,-0.91606583,-0.98999636,-0.112520548,-1.455846602,-0.853798734,-0.895372538,-0.921103378,1.286508535
0.927474329,1.023697729,-0.186688098,-0.288761304,1.178284019,1.463408744,0.470523803,-0.606161282,-0.033695695,-0.512783914,-0.920461113,-0.985446163,-0.372104516,-1.205753004,-0.827261827,-0.845507411,-0.929471159,1.136373957
1.022307777,0.779349846,-0.49666944,-0.663397228,1.437109879,1.569424438,0.405199434,-1.335174675,-0.014944571,-0.423264591,-0.886804758,-0.979996675,-0.372104516,-0.358213588,-0.791701127,-0.808984372,-0.904964409,1.151387415
1.275196972,1.675292083,1.041016109,0.455632532,0.500048911,1.435685487,0.077532836,-0.235836809,0.272147635,0.458587095,-0.381170749,-0.405495446,-0.112520548,1.239606621,-0.650073589,-0.54661479,-0.945998366,1.04629321
1.148752374,1.634567436,1.172721076,0.734777853,0.309973224,1.338978076,-0.064436024,0.230104231,-0.199716727,0.361690128,-0.305907133,-0.358842794,-0.112520548,-1.455846602,-0.853798734,-0.895372538,-0.995636927,0.971225921
1.370030419,0.453552669,-0.916934792,0.805601352,1.179814503,0.628533776,-1.062996215,0.89752703,-0.962038816,-1.224903922,-1.197549437,-1.028283963,1.960305508,0.364279028,-0.385698869,0.878156392,-1.213513675,1.106347041
1.275196972,0.453552669,-1.594158868,-0.981136844,1.91045808,1.498859502,-0.813678015,-0.646689555,-0.426553065,-1.116288998,-1.171478109,-1.005859891,0.664308512,1.211818444,-0.166374745,0.991228737,-1.232138648,1.226454704
1.559697315,0.372103375,-0.984266665,0.16378781,1.41437469,1.148927219,-0.899113939,1.536990317,-0.720280557,-1.156203651,-1.103938053,-1.027106076,-1.150856421,0.392067206,-0.219007315,-0.093430967,-1.225810402,1.301521993
1.275196972,0.209204786,-0.997830687,-0.019853884,1.210982012,1.139234483,-0.792193379,-0.436498752,-0.679175894,-1.077207989,-1.185077423,-1.012462209,0.664308512,-0.802824429,0.070717299,0.306459035,-1.09735864,0.896158632
1.559697315,0.494277316,-1.194446558,-0.610719452,1.654479422,1.510396795,-0.627066487,-1.191445218,-0.640682243,-0.864215794,-1.138477961,-1.019479173,-0.372104516,-0.358213588,-0.791701127,-0.808984372,-1.210177434,1.121360499
1.370030419,1.512393495,-1.090677179,-0.577804723,0.877948653,1.253460409,-0.716973096,1.356858759,-0.871137825,-1.038764278,-1.089796888,-1.0432871,-0.112520548,-1.455846602,-0.853798734,-0.895372538,-1.308032315,1.061306668
0.864252031,1.105147023,-0.488165028,0.113478,0.886482842,0.974090294,-0.728111244,0.863148046,-0.00514001,-0.198786751,-0.910386208,-0.951073391,-1.150856421,0.392067206,-0.219007315,-0.093430967,-1.562602543,1.091333583
1.306808121,1.634567436,-0.632440097,0.100456555,0.757400885,1.084987848,0.138555437,0.104405696,-0.688610145,0.414941973,-0.494500352,0.887580286,-0.112520548,1.239606621,-0.650073589,-0.54661479,-1.679628519,1.18141433
-0.716305434,-1.256882511,0.493598331,1.116618314,-1.139651229,-0.428369669,1.617553045,-0.500092866,-0.805065403,1.345907509,1.334991764,-0.169031031,1.183476448,-0.066437724,2.203032409,1.064647498,-2.340366069,-1.325833125
-1.222083822,-0.198041685,-0.781588123,0.910499885,-1.100687002,-0.650121015,-0.157322642,-0.037258743,-0.840659932,-1.101031932,-0.967355603,-0.350804617,-1.670024357,-0.56662492,2.143557419,2.848462508,-3.080996119,-0.965510137
-1.506584166,-1.419781099,-1.149306078,0.351910879,-1.014249378,-1.700216437,-0.690101129,0.578395792,-1.247884561,-1.079352111,-0.796327561,-0.509666125,1.183476448,-0.066437724,2.203032409,1.064647498,-2.547581859,-1.295806209
-0.653083135,-0.686737451,-1.159881412,-1.1179674,-0.69318613,-0.96794038,-0.407866219,1.023655235,-0.730298848,-0.957627368,-0.05125522,0.04249498,-1.410440389,-0.010861369,0.182563839,0.671763956,-3.099987329,-1.040577427
0.168806746,-1.134708569,0.896109074,0.637662825,-1.515267928,-0.966084507,-1.465384021,-0.915681618,0.218757333,1.226298635,1.475919861,0.920334335,1.183476448,0.503219916,-0.400514791,-0.62800899,-1.593172243,-1.370873499
0.073973299,0.412828022,0.981285006,0.851877331,0.054446448,0.485061608,-0.781754277,-0.012163141,1.655648067,1.33474244,-0.254381922,-0.441634646,-1.150856421,0.392067206,-0.219007315,-0.093430967,-0.366444844,1.256481619
1.622919614,0.738625199,-1.178066656,-0.267115726,1.509747044,0.731937579,-1.279523448,1.638121816,-0.718329075,-1.264144771,-0.891604655,-0.667218949,-1.150856421,0.392067206,-0.219007315,-0.093430967,-0.697392737,1.676858438
1.370030419,0.86079914,-1.467813432,-1.096652153,1.931846349,1.356452455,-1.12617366,0.849974259,-0.598756536,-1.360476396,-0.988683647,-0.654506294,-0.112520548,-1.455846602,-0.853798734,-0.895372538,-0.706839815,1.496696945
1.496475017,0.982973082,-1.698620864,-2.098690176,2.12859108,1.425047187,-0.976365237,-0.305950348,-0.57399365,-1.369560539,-0.951754946,-0.632480182,-0.372104516,-1.205753004,-0.827261827,-0.845507411,-0.71458124,1.52672386
1.496475017,0.657175905,-1.712786666,-1.754211486,2.140671519,1.300420207,-0.88125056,-1.161610154,-0.565049624,-1.36556869,-0.98113971,-0.761602569,-0.372104516,-0.358213588,-0.791701127,-0.808984372,-0.691391903,1.466670029
2.286753749,1.390219553,-1.359314548,-0.871031153,1.599936973,0.911323124,-0.966650063,2.004474942,-0.706489772,-1.104998938,-1.166983641,-1.015431018,-1.150856421,0.392067206,-0.219007315,-0.093430967,-0.768331218,1.87203339
1.907419957,1.390219553,-0.542189876,-1.928157543,1.388512069,1.389892209,-1.049571696,1.353310425,-0.780875414,-1.341034354,-0.885910769,-0.969574199,-0.112520548,-1.455846602,-0.853798734,-0.895372538,-0.776665353,1.691871896
1.875808808,1.390219553,-1.49278858,-2.253739863,2.226759197,1.443163926,-0.77529733,-0.835988151,-0.499022816,-1.256383319,-1.038000213,-0.933229001,-0.372104516,-0.358213588,-0.791701127,-0.808984372,-0.760988383,1.616804607
1.496475017,1.4309442,-0.698739555,-0.503586744,1.333721052,1.486087868,-0.855882638,0.620704988,-0.342662596,-1.123342869,0.250991557,0.285974955,-0.631688485,0.642160804,-0.247073046,-0.902602609,-0.870421758,1.406616198
1.528086166,1.593842789,-0.933632615,-0.17909132,1.402601719,1.396229792,-0.962652811,0.574613258,-0.599007316,-1.048454468,-0.019289171,0.372712357,0.664308512,1.211818444,-0.166374745,0.991228737,-0.922094675,1.541737318
1.970642256,1.960364613,-1.185124634,-0.381653063,1.706632577,0.76457496,-0.829147153,1.767872219,-1.447925807,-1.489289806,-0.557477523,0.206174321,-1.150856421,0.392067206,-0.219007315,-0.093430967,-0.990701152,1.646831523
1.717753062,2.082538555,-1.499819971,-2.603301393,2.047962149,1.597214022,-0.688703921,-1.01221719,-1.383459395,-1.486110158,-0.690730826,0.181675517,-0.372104516,-0.358213588,-0.791701127,-0.808984372,-0.979265015,1.586777691
1.496475017,1.675292083,-1.460249771,-1.424357354,2.188624254,1.292485113,-1.024667048,-0.684480836,-1.394744374,-0.834272672,-0.808251476,-0.926651047,0.664308512,1.211818444,-0.166374745,0.991228737,-1.232138648,1.39160274
1.591308464,1.553118142,-1.158569569,-1.305935367,1.851598288,1.048328697,-0.986015579,1.386774988,-1.456414323,-0.618614366,-1.012810019,-1.040885698,-1.150856421,0.392067206,-0.219007315,-0.093430967,-1.225810402,1.721898812
1.306808121,2.082538555,-0.234061509,-0.744335493,0.562985438,0.837506036,-1.077184235,0.987238822,0.753234523,-0.301127521,-0.005950926,0.990044139,-1.150856421,0.392067206,-0.219007315,-0.093430967,-2.016569483,1.842006474
0.642973986,-0.035143097,-0.821114014,0.20368212,-1.352348345,-1.072742929,0.274009201,1.300690867,1.90588507,0.70248203,0.170015123,-0.253219142,-1.410440389,-0.010861369,0.182563839,0.671763956,-2.677125857,-1.686156113
-0.87436118,-1.745578276,-2.077373866,-2.704172015,-0.287629688,-2.608044002,-0.125373853,0.649630738,-1.744134179,-1.54543816,-0.898420191,0.374252565,1.183476448,0.503219916,-0.400514791,-0.62800899,-2.636063429,-1.91135798
-1.601417614,-2.926593043,0.197524965,0.296153566,-2.137970356,-2.860271136,0.935719077,1.672818287,1.200385703,-0.017761687,0.251657976,1.248170315,1.183476448,-0.066437724,2.203032409,1.064647498,-2.340366069,-2.632003955
-2.170418301,-2.722969807,-1.144705626,-2.103336125,-2.182213427,-3.392242747,-1.472857286,-0.660701068,0.883619639,0.853563343,0.371445522,-0.741617578,1.183476448,0.503219916,-0.400514791,-0.62800899,-2.842645098,-2.466855919
-2.581363242,-2.641520513,-1.160592028,-2.347920981,-2.663904451,-3.439943299,-1.259238042,-0.524519039,0.904888145,0.924188647,0.562046671,-0.618060765,-1.670024357,-0.56662492,2.143557419,2.848462508,-3.080996119,-2.707071244
-3.150363929,-3.374564162,-1.865153789,0.03579924,-1.665389493,-3.070785801,-0.494255372,1.56181994,-1.544199656,-1.489751176,-1.197549437,-1.041036461,1.183476448,-0.066437724,2.203032409,1.064647498,-2.547581859,-2.241654052
-3.150363929,-4.922100753,-3.016360666,-4.78072618,-3.794812297,-3.78813338,-1.998932981,-2.305846469,-1.744134179,-1.54543816,-1.197549437,-1.0432871,-1.670024357,-2.358962373,-0.903790042,-0.937802917,-3.303571816,-3.773026749
2.413198346,2.652683614,2.699203755,1.591853728,2.854421821,2.142586337,4.791322357,4.856789556,2.443440293,2.060244256,2.335318657,2.439773779,1.960305508,1.93431106,2.203032409,2.848484869,1.104968295,2.232356378
